[
    {
        "id": "SSHKeyAuditUnverified",
        "regex": "ERROR: (.+ is auditing SSH keys [\\s\\S]+ a new key.)",
        "title": "Unverified SSH Key",
        "description": "{{1}}"
    },
    {
        "id": "SSHAuthenticationFailed",
        "regex": "fatal: Authentication failed",
        "title": "Authentication Failed",
        "description": "You may not have permission to access {{repo_name}}. Check Preferences to make sure you’re still logged in."
    },
    {
        "id": "SSHPermissionDenied",
        "regex": "fatal: Could not read from remote repository.",
        "title": "Authentication Failed",
        "description": "You may not have permission to access {{repo_name}}. Check Preferences to make sure you’re still logged in."
    },
    {
        "id": "HTTPSAuthenticationFailed",
        "regex": "The requested URL returned error: 403",
        "title": "Authentication Failed",
        "description": "You may not have permission to access {{repo_name}}. Check Preferences to make sure you’re still logged in."
    },
    {
        "id": "RemoteDisconnection",
        "regex": "fatal: The remote end hung up unexpectedly",
        "title": "Network Error",
        "description": "Check your Internet connection and try again."
    },
    {
        "id": "HostDown",
        "regex": "fatal: unable to access '(.+)': Failed to connect to (.+): Host is down",
        "title": "Network Error",
        "description": "Could not connect to {{1}}. Check your Internet connection and try again."
    },
    {
        "id": "RebaseConflicts",
        "regex": "Failed to merge in the changes.",
        "title": "Rebase Conflicts",
        "description": "We found some conflicts while trying to rebase. Please resolve the conflicts before continuing."
    },
    {
        "id": "MergeConflicts",
        "regex": "Automatic merge failed; fix conflicts and then commit the result",
        "title": "Merge Conflicts",
        "description": "We found some conflicts while trying to merge. Please resolve the conflicts and commit the changes."
    },
    {
        "id": "HTTPSRepositoryNotFound",
        "regex": "fatal: repository '(.+)' not found",
        "title": "Repository Not Found",
        "description": "{{repo_name}} doesn’t seem to exist at {{1}} anymore. You may not have access, or it may have been deleted or renamed."
    },
    {
        "id": "SSHRepositoryNotFound",
        "regex": "ERROR: Repository not found",
        "title": "Repository Not Found",
        "description": "{{repo_name}} doesn’t seem to exist at {{remote_url}} anymore. You may not have access, or it may have been deleted or renamed."
    },
    {
        "id": "PushNotFastForward",
        "regex": "error: failed to push some refs to '.*'\nTo prevent you from losing history, non-fast-forward updates were rejected",
        "title": "Push Failed",
        "description": "{{repo_name}} has been updated on {{remote_url}} since you last synced. You can try syncing again or run `git pull origin master && git push origin master` from the command line."
    },
    {
        "id": "BranchDeletionFailed",
        "regex": "error: unable to delete '(.+)': remote ref does not exist",
        "title": "Delete Failed",
        "description": "Could not delete the branch \"{{1}}\". It was probably already deleted."
    },
    {
        "id": "DefaultBranchDeletionFailed",
        "regex": "\\[remote rejected\\] (.+) \\(deletion of the current branch prohibited\\)",
        "title": "Delete Failed",
        "description": "\"{{1}}\" is the repository's default branch and cannot be deleted."
    },
    {
        "id": "RevertConflicts",
        "regex": "error: could not revert .*\nhint: after resolving the conflicts, mark the corrected paths\nhint: with 'git add <paths>' or 'git rm <paths>'\nhint: and commit the result with 'git commit'",
        "title": "Merge Needed",
        "description": "To finish reverting, please merge and commit the changes."
    },
    {
        "id": "EmptyRebasePatch",
        "regex": "Applying: .*\nNo changes - did you forget to use 'git add'\\?\nIf there is nothing left to stage, chances are that something else\n.*",
        "title": "No Changes to Apply",
        "description": "There aren’t any changes left to apply.",
    },
    {
        "id": "NoMatchingRemoteBranch",
        "regex": "There are no candidates for (rebasing|merging) among the refs that you just fetched.\nGenerally this means that you provided a wildcard refspec which had no\nmatches on the remote end.",
        "title": "No Published Branch",
        "description": "There aren’t any remote branches that match the current branch."
    },
    {
        "id": "NothingToCommit",
        "regex": "nothing to commit",
        "title": "Nothing to Commit",
        "description": "There are no changes to commit."
    },
    {
        "id": "NoSubmoduleMapping",
        "regex": "No submodule mapping found in .gitmodules for path '(.+)'",
        "title": "Submodule Not Removed Completely",
        "description": "The submodule at \"{{1}}\" was removed from .gitmodules, but the folder still exists in the repository. Delete the folder, commit the change, then try again."
    },
    {
        "id": "SubmoduleRepositoryDoesNotExist",
        "regex": "fatal: repository '(.+)' does not exist\nClone of '.+' into submodule path '(.+)' failed",
        "title": "Submodule Does Not Exist",
        "description": "The submodule at \"{{2}}\" points to \"{{1}}\", which does not exist."
    },
    {
        "id": "InvalidSubmoduleSHA",
        "regex": "Unable to checkout '(.+)' in submodule path '(.+)'",
        "title": "Invalid Submodule",
        "description": "The submodule at \"{{2}}\" points to commit \"{{1}}\", which does not exist."
    },
    {
        "id": "LocalPermissionDenied",
        "regex": "fatal: could not create work tree dir '(.+)'.*: Permission denied",
        "title": "Clone Failed",
        "description": "You don’t have permission to create the \"{{1}}\" folder there. Please choose a different location to clone to."
    },
    {
        "id": "InvalidMerge",
        "regex": "merge: (.+) - not something we can merge",
        "title": "Invalid Merge",
        "description": "{{1}} is not something we can merge."
    },
    {
        "id": "InvalidRebase",
        "regex": "invalid upstream (.+)",
        "title": "Invalid Rebase",
        "description": "{{1}} is not something we can rebase."
    },
    {
        "id": "NonFastForwardMergeIntoEmptyHead",
        "regex": "fatal: Non-fast-forward commit does not make sense into an empty head",
        "title": "Merge Not Allowed",
        "description": "The merge you attempted is not a fast-forward, so it cannot be performed on an empty branch."
    },
    {
        "id": "PatchDoesNotApply",
        "regex": "error: (.+): (patch does not apply|already exists in working directory)",
        "title": "Changes Failed to Apply",
        "description": "The requested changes conflict with one or more files in the repository."
    }
]
